keyword_id,url_id,term
58,2587,마플
2,2979,릿코
58,2991,이탈리안 비ㅂ ㅇ택
58,2992,이탈리안 비버 어택 체스
58,3179,학술대회 발표
58,3241,땅우양
58,3250,"3x3 큐브,"
58,3253,3x3 큐브 공식
2,3501,https 520
58,3516,와나나 k5
2,3519,146.190/8-/69
58,3527,정보보안 학술대회
58,3528,한국융합보안학회 학술대회
58,3529,하계학술대회
58,3530,정보보안 하계학술대회
58,3589,학술대회 발표 ppt
2,3591,캔바
2,3617,한국융합보안ㄴㄴ학회
2,3619,한국융합보안ㄴㄴ학회
2,3645,skt 사건
2,3646,skt 사건
2,3647,skt 사건
2,3649,공공기관 등 보아
58,3657,발표 시뮬레이션
2,3658,apt 시나리오 사진
2,3659,apt 시나리오 사진
2,3660,MITRE ATT
2,3661,MITRE ATT&CK
2,3666,mitre att&ck
2,3667,mitre att&ck
2,3669,mitre att&ck
58,3765,레바
2,3786,DGA 알고리즘
2,3788,DGA 알고리즘 아키텍처
2,3790,DGA 알고리즘 아키텍처
2,3791,DGA 알고리즘 아키텍처
2,3792,DGA 알고리즘 아키텍처
2,3800,중부대학교 로고
2,3801,중부대학교 로고
2,3808,중부대학교 로고
2,3809,중부대학교 로고
2,3810,중부대학교 로고
2,3811,중부대학교 로고
2,3816,중부대학교 로고
2,3817,중부대학교 로고 ekdnsfhem
2,3818,중부대학교 로고 다운로드
2,3821,rnrwjddnjs
2,3846,SKT 사건
2,3847,SKT 사건
2,3848,SKT 사건
2,3849,SKT
2,3852,SKT 로고
2,3854,중부대 로고
2,3855,중부대 로고
2,3876,윈도우 OS 다운
2,3905,유튜ㅡ 리배스듣
2,4103,지미스 테이블
2,4104,지미스 테이블
2,4110,시스템 해킹과 보안 pdf
2,4153,시스템 해킹과 보안 pdf 다운로드
2,4154,시스템 해킹과 보안 pdf 다운로드
2,4156,system hacking anad security pdf download
2,4159,시스템 해킹과 보안 pdf
2,4160,시스템 해킹과 보안 pdf 303쪽
2,4196,![image.png](attachment:4c5f0f55-0f9d-4e90-84b2-97f99b20fea5:image.png)
2,4197,![image.png](attachment:4c5f0f55-0f9d-4e90-84b2-97f99b20fea5:image.png)
2,4248,미리캔바
2,4359,sm-r905n 초기화 바업
2,4447,스크린샷 ㅈ장위치
2,4465,ㄷ다이소 니플패치
58,4481,시류 원피스
58,4498,이탈리앙ㄴ 게임
2,4533,wr robot
2,4534,워로봇 갤러리
2,4564,워로봇 밸런스 패치
2,4576,mau
2,4577,may
2,4589,mau
2,4590,워로봇 갤러리
58,4618,dnjfhqht tbvjcjvm
58,4619,워로봇 슈퍼점프
58,4712,hvhr
58,4713,조폭여친
2,4720,오연하
2,4968,애니24
2,4980,오목
58,5009,라인전의 악마 거리조절의 신
2,5055,한국융합보안학회
2,5056,070-4725-3322
58,5168,허각 hello
58,5170,모르시나요
58,5172,버즈 my love
2,5261,gemini
58,5279,모할랩  스트랩
58,5282,모할랩 스트랩
58,5361,양세찬논란
2,5435,"Yongin-si, South Korea"
58,5474,박지 결혼 여장
2,5479,14]
2,5489,바스솔루션
2,5490,bas 솔루션
2,5493,ㅊ밍ㄷㄱㅁ
2,5495,MITRE Caldera
2,5534,1mb 1024kb
2,5542,디아그래
2,5545,fiaticon
2,5553,zhemdpswls
2,5582,C2
2,5583,C2
2,5584,C&C
2,5585,C&C 서버
2,5593,C&C 서버 아이콘
2,5594,C&C 서버 아이콘
2,5606,zlfhrld
2,5774,유튜브 회원 전용 우회
2,5785,틱톡 유튜브 링크
2,5801,UAC
2,5821,mp4 소리 없애기
2,5830,mp4 소리 없애기
2,5833,허니청크
2,5834,허니청크
2,5835,허니청크란?
2,5836,wdac 정책
2,5837,wdac 정책
2,5843,wdac 정책
2,5844,윈도우 디펜더 아이콘
2,5845,윈도우 디펜더 아이콘
2,5850,굽네치킨 칼로리
2,5854,chunk icon
2,5855,chunk icon
2,5856,network chunk icon
2,5857,network chunk icon
2,5858,network chunk icon
2,5862,정보유출 변화
2,5863,정보유출 변화
2,5864,정보유출 변화
2,5872,Bidirectional communication
2,5873,Bidirectional communication
2,5874,Bidirectional communication 뜻
2,5883,흐웨이
2,5884,흐웨이
2,5885,흐웨이
2,5886,흐웨이
2,5887,바스 요리
2,5888,바스
2,5889,설탕공예
2,5890,중부대학교 김민수 교수님
2,5893,qkxh
2,5894,바토
2,5895,바이러스 토달
2,5899,마소
2,5902,34.82.250.163 ip주소
2,5907,코드엔진
2,5916,코드게이트
2,5923,mcp
2,5924,mcp
2,5926,금융보안원
2,5928,금융보안원
2,5932,mcp
2,5936,칼바람 세나
2,5978,ekdma
2,6071,칼바람 세나
2,6081,신검 6급
2,6085,히나
2,6216,체스프릭김창훈
2,6279,구리구리멍텅구리
2,6280,롤 구리구리멍텅구리
58,6397,트루션
60,6416,데이 오브 더 자칼
58,6445,AWC 
2,6562,디스코드 태그
58,6582,AKVMF
58,6653,saba
58,6663,FLFFL
58,6664,릴리 버튜버
58,6668,샤이릴리
2,6748,축구
2,6749,축구 한국
2,6750,축구 한국
2,6751,대한민국 축구 국가대표팀
2,6752,축구 한국
58,6772,우이 노래
2,6779,쯔유
2,6780,안국
58,6819,DNDLQLA
58,6820,우이빔
2,6916,핸드폰 찾기
2,6936,1000AGOA
58,6955,제대로 못하는 제자땜에[
58,6957,스물다섯 스물하나
58,6959,스물다섯 스물하나 드라마
58,6962,제대로 못하는 제자땜에 빡친 고유림
2,7028,애니24
62,7035,원펀
58,7036,워너펀맨3기
2,7367,ㅜ팡
58,7385,통밀면 파스타 추천
2,7386,통밀면 파스타 추천
2,7387,통밀면 파스타 순위표
58,7395,라자냐
2,7418,dhakdlapdlem
11,7419,홍대 오마이메이드
2,7444,pirates cat
2,7445,가르쳐줄게♥누나와 재수생인 나의 이야기·전편 irates cat%0D%0A
2,7519,백룸
2,7521,백룸 게임
2,7524,백룸 게임 종류
58,7527,이모카세 유노
2,7529,성수역 시골집
2,7530,성수역 시골집
2,7531,성수역 시골집
2,7532,성수역 시골집
2,7543,히메
2,7544,히메지마 호메이
58,7591,성수 시골집
2,7596,성수역에서 성수 시골집
2,7597,캌카오맵
2,7608,성수역 시골집
2,7636,zosqk
2,7637,alflzosqk
2,7641,mkv 파일을 mp4로
58,7647,Hello (BPM) 2025\
58,7653,이스케이프 더 백룸
58,7658,이스케이프 더 백룸 밴덴
58,7659,이스케이프 더 백룸 Banden
58,7662,이스케이프 더 백룸 설명
2,7688,스카이스캐너
2,7698,슬랙
2,7702,캔 바
2,7761,독거미 키싶힘
2,7763,아우라 키싶힘
2,7826,생각하는대로 느껴지는 현상
2,7827,베르베린
2,7828,포케
2,7829,대사소모량
2,7830,화이자 코로나 백신
2,7831,mrna백신원리
2,7833,mrna 표적추적
2,7834,코로나 백신 종류
2,7835,코로나 백신 종류
2,7836,모더나
2,7837,모더나 코로나 백신 원리
58,7847,시맥
2,7849,천호역
2,7855,대형버스
2,7921,롤 팝업스토어
2,7925,인천 날씨
58,8022,everybody do the flop
58,8036,r 발음
2,8038,용인
2,8044,롤 리플레이 위치
2,8046,rofl 파일 mp4 변환
2,8050,연민
2,8275,부천 스테이크
2,8388,그릭키프트
2,8419,AP카이사
2,8445,xkwk dustmq
2,8450,kkuto.
58,8508,이 루
2,8560,냉모밀 칼로리
2,8565,료이키 텐카이
2,8566,그랑블루
2,8567,블루록
2,8568,블루록 밈
2,8575,롤
2,8613,haneul._.323
2,8614,인스타
2,8624,하이브
58,8626,라이즈 예전 궁
2,8630,장은비 어색한 가슴
2,8631,장은비 어색한 가슴
2,8633,장은비 부자연스런 가슴
2,8634,장은비 부자연스런 가슴
2,8635,인스타
2,8637,팡이요 전 후
58,8660,xpalakdmf
58,8661,ㅇㄴ더테일 테미마을
58,8663,언더테일 차라 이름
2,8684,640페트
2,8740,INVITE
2,8747,홀덤펍
11,8751,카카오맵
2,8757,1호선 노선도
2,8758,1호선 노선도
2,8783,매도 빨리 맞는게 좋다
2,8788,서울 1호선 라인
2,8789,서울 1호선 라인
2,8790,서울 1호선 라인
2,8792,의정부
2,8817,동묘 술집
2,8818,동대문 술거리
2,8820,동대문 술집
2,8842,로우엔드 오마카세
2,8844,종로 맛집
2,8845,종로 술 맛집
2,8849,애니24
2,8854,쿠팡 라즈베리파이
2,8859,테무
2,8869,raspberry pi 2w zero
2,8875,종로 3가 유명한 술집
2,8904,xvideo
63,8906,creampie
63,8907,creampie
63,8908,creampie
63,8910,creampie
2,8911,creampie
2,8912,creampie
2,8913,diehd
58,8933,znlsxmfoq
58,8934, 퀸트랩
58,8935, 체스 퀸트랩
58,8937, 스칸디비안 퀸트랩
2,9052,갤럭시 워치5 무선충전
2,9094,wpfkem
2,9095,스타크래프트 제라드
2,9098,강릉
2,9102,경포썸머페스티벌
2,9110,하슬라아트월드
2,9121,강릉 날씨
2,9124,월요일 날씨;
2,9131,강릉 오마카세
2,9132,강릉 오마카세
2,9155,비사이드 아웃도어 캠핑 서큘라이터
2,9162,강릉 오마카세
2,9163,강릉 오마카세
2,9164,강릉 오마카세
2,9165,강릉 오마카세
2,9166,강릉 오마카세
2,9194,강릉 런치 오마카세
2,9195,스시교코오
2,9200,경포해수욕장
2,9202,경포해수욕장
2,9229,중부대 장바구니
2,9254,Quarantine Zone: The Last Check DEMO\
2,9255,Quarantine Zone: The Last Check DEMO 한글
58,9261,quarantine zone the last check demo
58,9262,quarantine zone the last check 한국
2,9295,mintsweeper
2,9385,mine
2,9386,minesweeper
2,9387,아란치니
2,9388,아란치니
2,9389,minesweeper
2,9391,롤 이벤트
2,9434,minesweeper
2,9435,minesweeper 다운
2,9450,dlsxjspt threh cmrwjd
2,9451,지뢰찾기
11,9452,지뢰찾기
2,9479,지뢰찾기다운로드
11,9483,지뢰찾기 다운로드
2,9497,지뢰찾기
2,9500,21미리 담배
2,9501,중국 담배
2,9503,中华(중화 미리수
2,9508,종로3가 이자카야
2,9509,종로3가 이자카야
2,9510,종로3가 이자카야
2,9511,종로3가 이자카야
2,9512,종로3가 이자카야
2,9513,종로3가 이자카야
2,9514,종로3가 이자카야
2,9515,종로3가 이자카야
2,9523,종로3가 이자카야
2,9524,렝가 카직스 이스터에그
2,9528,종로3가 이자카야
11,9529,종로 3가역 근처 술집
2,9626,지뢰찾기다운로드
2,9627,지뢰찾기
2,9629,그로택티컬
2,9630,고어택티컬
2,9633,송강
2,9634,송강
2,9643,승으로 시작하는 성
58,9694,10CM
58,9695,그라데이션
58,9697,메이플 비숍 여자몫리
2,9770,쥬
2,9772,눈매가 처짐
2,9773,눈매가 처짐
58,9789,프로포즈 9lana
2,9797,사케동
2,9798,콤퓨차
2,9799,비
2,9802,파이브가이즈
2,9803,파이브가이즈 성수
2,9805,파이브가이즈 성수
2,9807,햄버거집 성수
2,9810,현_mv
2,9811,통풍
58,9813,천국과지옥
58,9867,섹시와 보이시
2,9881,침해사고대응
58,9918,서초갈비
2,10041,롤 테두리
2,10042,롤 테두리
2,10043,롤 테두리
2,10045,백신
2,10046,컴퓨터 백신
2,10228,리체스
2,10243,중부대 장바구니
58,10265,인고잊능 ai
58,10266,인공지능 여친
64,10243,중부대 장바구니
64,9881,침해사고대응
58,10278,문철
64,10359,광배
2,10359,광배
64,10394,모란
2,10394,모란
64,10395,모란역
2,10395,모란역
64,10396,인천에서 모란역
2,10396,인천에서 모란역
64,10407,루디브리엄 기계타고 있는 보스
2,10407,루디브리엄 기계타고 있는 보스
64,10408,루디브리엄 기계타고 있는 보스
2,10408,루디브리엄 기계타고 있는 보스
64,10409,루디브리엄 기계타고 있는 보스
2,10409,루디브리엄 기계타고 있는 보스
64,10410,캐논슈터
2,10410,캐논슈터
64,10411,은월 출시일
2,10411,은월 출시일
64,10412,데몬 슬레이어출시일
2,10412,데몬 슬레이어출시일
64,10413,팬텀 출시일
2,10413,팬텀 출시일
64,10414,카데나
2,10414,카데나
2,10471,eBPF
64,10471,eBPF
2,10472,eBPF
64,10472,eBPF
2,10536,모닝콜
64,10536,모닝콜
2,10679,가해자 피해자
64,10679,가해자 피해자
2,10715,flcptm
64,10715,flcptm
2,10781,신발세탁
64,10781,신발세탁
2,10783,신발 냄새제거
64,10783,신발 냄새제거
58,10816,rkatmxm
2,10820,치지지ㅣㄱ
64,10820,치지지ㅣㄱ
2,10825,Progamer[Nugget]
64,10825,Progamer[Nugget]
2,10826,프로게이머[Nugget]
64,10826,프로게이머[Nugget]
2,10829,롤 프로게이머[Nugget]
64,10829,롤 프로게이머[Nugget]
2,11030,치지직
64,11030,치지직
2,11032,롤 프로게이머 Nugget]
64,11032,롤 프로게이머 Nugget]
2,11034,카ㅣ카오맵
64,11034,카ㅣ카오맵
2,11056,레트로 포렌식
64,11056,레트로 포렌식
2,11065,DL 뜻
64,11065,DL 뜻
2,11066,AI DL 뜻
64,11066,AI DL 뜻
2,11075,부평 CGV
64,11075,부평 CGV
2,11255,중부대 수강신청
64,11255,중부대 수강신청
2,11284,중부대 정보보호학전공 조교
64,11284,중부대 정보보호학전공 조교
2,11374,중부대 수강신청
64,11374,중부대 수강신청
2,11382,dkzpdls3
64,11382,dkzpdls3
2,11384,아케인 3
64,11384,아케인 3
2,11385,아케인 3 출시
64,11385,아케인 3 출시
2,11491,판다독이랑께
64,11491,판다독이랑께
2,11492,판다독 
64,11492,판다독 
2,11503,주걱
64,11503,주걱
2,11504,백두산
64,11504,백두산
2,11505,백두산 사과
64,11505,백두산 사과
2,11506,부채살
64,11506,부채살
2,11507,테러의 시작 911
64,11507,테러의 시작 911
2,11508,미국 독소리
64,11508,미국 독소리
2,11509,파스텔톤
64,11509,파스텔톤
2,11513,연평해전
64,11513,연평해전
2,11514,거북선
64,11514,거북선
2,11515,신사임당
64,11515,신사임당
2,11516,신사임당 죽은 이유
64,11516,신사임당 죽은 이유
2,11517,평경장
64,11517,평경장
2,11518,카시오페아
64,11518,카시오페아
2,11521,선덕
64,11521,선덕
2,11523,화학무기
64,11523,화학무기
2,11526,극한직업
64,11526,극한직업
2,11527,극한직업 테트창
64,11527,극한직업 테트창
2,11534,POE
64,11534,POE
58,11540,KISS2
2,11545,숏폼 돈
64,11545,숏폼 돈
2,11550,인간의 3대 욕구
64,11550,인간의 3대 욕구
2,11552,패스 오브 엑자일 2
64,11552,패스 오브 엑자일 2
2,11553,패스 오브 엑자일 3
64,11553,패스 오브 엑자일 3
2,11558,패스 오브 엑자일 3
64,11558,패스 오브 엑자일 3
2,11559,패스 오브 엑자일 2
64,11559,패스 오브 엑자일 2
2,11565,POD
64,11565,POD
2,11568,DHAHR
64,11568,DHAHR
2,11569,온라인 오목
64,11569,온라인 오목
2,11571,루미큐브
64,11571,루미큐브
2,11577,리체스
64,11577,리체스
2,11610,중부대 수상신청
64,11610,중부대 수상신청
2,11662,임정묵 교수님
64,11662,임정묵 교수님
2,11663,중부대 임정묵 교수님
64,11663,중부대 임정묵 교수님
2,11664,김세나
64,11664,김세나
2,11665,중부대 김세나
64,11665,중부대 김세나
2,11667,중부대 윤미숙
64,11667,중부대 윤미숙
2,11670,중부대 윤미숙
64,11670,중부대 윤미숙
2,11699,중부 ctf
64,11699,중부 ctf
2,11702,대게 시세
64,11702,대게 시세
2,11703,대게 한마리 무게
64,11703,대게 한마리 무게
2,11708,사후 포렌식 툴
64,11708,사후 포렌식 툴
2,11710,정보보호학회
64,11710,정보보호학회
2,11713,한국융합보안학회
64,11713,한국융합보안학회
2,11727,MAGNET aXOM
64,11727,MAGNET aXOM
2,11730,MAGNET aXIOM GYRHK
64,11730,MAGNET aXIOM GYRHK
2,11735,중부대학교 정보보호학과
64,11735,중부대학교 정보보호학과
2,11739,서울대 지리학과
64,11739,서울대 지리학과
2,11743,오징어게임 1기 외국인
64,11743,오징어게임 1기 외국인
2,11751,루미큐브
64,11751,루미큐브
2,11755,포로지지
64,11755,포로지지
2,11760,킨드레드
64,11760,킨드레드
2,11764,중부대 수강신청
64,11764,중부대 수강신청
58,11777,투보 논란
64,11805,애니 24
2,11805,애니 24
64,11806,애니 24
2,11806,애니 24
64,11836,변태
2,11836,변태
64,11841,네이버
2,11841,네이버
64,11842,치지직
2,11842,치지직
2,11859,치지직
64,11859,치지직
2,11953,던젼슬래셔 총잡이
64,11953,던젼슬래셔 총잡이
58,11976,쓰레쉬 장인
58,11979,던젼슬래셔 2챕터 보스
2,11982,던젼슬래서 보스 공략ㄹ
64,11982,던젼슬래서 보스 공략ㄹ
2,11985,던젼슬래서 조합
64,11985,던젼슬래서 조합
2,11987,던젼슬래서 티어표
64,11987,던젼슬래서 티어표
2,11993,던젼슬래서 총잡이 빌드
64,11993,던젼슬래서 총잡이 빌드
2,11996,던젼슬래서 조합
64,11996,던젼슬래서 조합
2,11997,던젼 슬래셔 카드키
64,11997,던젼 슬래셔 카드키
2,12007,칼바람 찬왕
64,12007,칼바람 찬왕
2,12008,칼바람 찬 왕
64,12008,칼바람 찬 왕
2,12009,방송인 찬 왕
64,12009,방송인 찬 왕
2,12032,던젼슬래셔 보스
64,12032,던젼슬래셔 보스
2,12034,던젼슬래서 두꺼운 망토
64,12034,던젼슬래서 두꺼운 망토
2,12037,던젼슬래서 공간균열
64,12037,던젼슬래서 공간균열
2,12040,던젼슬래서 조합
64,12040,던젼슬래서 조합
64,12080,윈도우 11 정품 업그레이드
2,12080,윈도우 11 정품 업그레이드
64,12138,강남 소고기
2,12138,강남 소고기
64,12139,강남 소고기
2,12139,강남 소고기
64,12140,강남 소고기
2,12140,강남 소고기
64,12141,개그맨 소고기
2,12141,개그맨 소고기
64,12142,강남 꾸석지
2,12142,강남 꾸석지
64,12143,강남 꾸석지
2,12143,강남 꾸석지
64,12161,nlp 뜻
2,12161,nlp 뜻
64,12198,온프레
2,12198,온프레
64,12204,ai로 논문 요약
2,12204,ai로 논문 요약
64,12216,BERT 임베딩
2,12216,BERT 임베딩
64,12218,BERT 임베딩 뜻
2,12218,BERT 임베딩 뜻
64,12220,비정형 자연어 텍스트 뜻
2,12220,비정형 자연어 텍스트 뜻
64,12223,SIEM 규칙
2,12223,SIEM 규칙
64,12224,LLM뜻
2,12224,LLM뜻
64,12259,태양 감옥
2,12259,태양 감옥
64,12262,승리 그룹
2,12262,승리 그룹
58,12357,wanna Play
2,12425,중화식단 1980
64,12425,중화식단 1980
11,12427,중화식당 1980
58,12436,wkruftlrekd
58,12437,자결식당
58,12438,자결식당 dydgud
58,12464,ㅅㄴ짖자 야스오
58,12465,선지자야스오
60,12476,귀멸의칼날
68,12564,보조배터리
2,12662,영어 pdf 한국어로 변환
64,12662,영어 pdf 한국어로 변환
2,12671,논문 한글로 변환
64,12671,논문 한글로 변환
2,12678,ai로 논문 요약
64,12678,ai로 논문 요약
58,12683,988년생 아트록스 장인 오승철
2,12723,gpt3.5
64,12723,gpt3.5
2,12729,UTF-8
64,12729,UTF-8
2,12730,bp트레이닝
64,12730,bp트레이닝
2,12742,아티팩츠
64,12742,아티팩츠
2,12743,아티팩트
64,12743,아티팩트
2,12752,whale
64,12752,whale
2,12757,ai로 논문 요약
64,12757,ai로 논문 요약
2,12765,윈도우 아티팩츠
64,12765,윈도우 아티팩츠
2,12776,포렌식 아티팩트
64,12776,포렌식 아티팩트
2,12783,Mirai'
64,12783,Mirai'
2,12784,blackmoon
64,12784,blackmoon
2,12785,blackmoon 포렌식
64,12785,blackmoon 포렌식
2,12786,blackmoon뜻
64,12786,blackmoon뜻
2,12787,blackmoon 공격
64,12787,blackmoon 공격
2,12819,중부대 수강신청
64,12819,중부대 수강신청
2,12823,맥세이프 보조배터리
64,12823,맥세이프 보조배터리
2,12860,어나더레드
64,12860,어나더레드
2,12891,pornhub
64,12891,pornhub
58,12967,뒤오의지팡이
2,12991,pornhub
64,12991,pornhub
2,13001,spankbang
64,13001,spankbang
2,13012,dizh
64,13012,dizh
2,13013,야코
64,13013,야코
58,13037,조이 스킨 순위
58,13039,조이 스킨 
58,13050,알록달록 해커조이
58,13051,암흑의 별 조이
58,13053,조이 스킬 순위
2,13055,인벤
64,13055,인벤
2,13057,롤 인벤
64,13057,롤 인벤
2,13124,샤이니 종현
64,13124,샤이니 종현
2,13136,포켓몬 어나더레드 오류
64,13136,포켓몬 어나더레드 오류
2,13162,네이버웹툰
64,13162,네이버웹툰
2,13177,오라티프
64,13177,오라티프
2,13179,렌트라
64,13179,렌트라
2,13181,라이츄
64,13181,라이츄
2,13183,켄호로우
64,13183,켄호로우
2,13185,화살꼬빈
64,13185,화살꼬빈
2,13189,에버라스
64,13189,에버라스
2,13192,콩둘기 진화 조건
64,13192,콩둘기 진화 조건
2,13201,판짱
64,13201,판짱
2,13202,토게틱
64,13202,토게틱
2,13206,두더류
64,13206,두더류
2,13223,냐스포
64,13223,냐스포
2,13225,나인테일
64,13225,나인테일
2,13227,렌트라
64,13227,렌트라
2,13235,개굴닌자
64,13235,개굴닌자
2,13237,어나더레드 지우개굴닌자
64,13237,어나더레드 지우개굴닌자
2,13240,나몰빼미
64,13240,나몰빼미
2,13241,울머기
64,13241,울머기
2,13242,어나더레드 2번째 스타팅
64,13242,어나더레드 2번째 스타팅
2,13244,어나더레드 호텔
64,13244,어나더레드 호텔
2,13246,화강돌
64,13246,화강돌
2,13248,손지브림
64,13248,손지브림
2,13251,이올브
64,13251,이올브
2,13258,어나더레드 세이브파일 위치
64,13258,어나더레드 세이브파일 위치
2,13308,크롬 포렌식
64,13308,크롬 포렌식
2,13311,개기월식
64,13311,개기월식
2,13313,불 약점
64,13313,불 약점
2,13315,나인테일
64,13315,나인테일
2,13316,포켓몬 딜 계산기
64,13316,포켓몬 딜 계산기
2,13318,어나더레드 미샤도
64,13318,어나더레드 미샤도
2,13320,크롬 비밀번호 데이터 복호화 포렌식
64,13320,크롬 비밀번호 데이터 복호화 포렌식
2,13322,포켓몬 어나더레드 미샤도
64,13322,포켓몬 어나더레드 미샤도
2,13325,크롬 비밀번호 데이터 복호화 포렌식
64,13325,크롬 비밀번호 데이터 복호화 포렌식
71,13330,크롬 브라우저(Chrome)에서 구글 패스워드 매니저 데이터 획득에 대한 연구
2,13347,크롬 비밀번호 복호화 포렌식
64,13347,크롬 비밀번호 복호화 포렌식
2,13349,식스테일 진화
64,13349,식스테일 진화
2,13351,어나더레드 돌진화
64,13351,어나더레드 돌진화
2,13353,어나더레드 돌 수급
64,13353,어나더레드 돌 수급
2,13358,포켓몬 어나더레드 불꽃의돌
64,13358,포켓몬 어나더레드 불꽃의돌
2,13363,포켓몬 어나더레드 불꽃의돌획득
64,13363,포켓몬 어나더레드 불꽃의돌획득
2,13364,E01으로 크롬 비밀번호 포렌식
64,13364,E01으로 크롬 비밀번호 포렌식
2,13367,크롬 비밀번호 포렌식
64,13367,크롬 비밀번호 포렌식
2,13368,크롬 비밀번호 포렌식
64,13368,크롬 비밀번호 포렌식
2,13369,크롬 비밀번호 포렌식
64,13369,크롬 비밀번호 포렌식
2,13374,어나더레드 VIP
64,13374,어나더레드 VIP
2,13375,아머까오
64,13375,아머까오
2,13377,야도뇽
64,13377,야도뇽
2,13379,어나더레드 치고마
64,13379,어나더레드 치고마
2,13380,어나더레드 인새인
64,13380,어나더레드 인새인
2,13381,어나더레드 인세인
64,13381,어나더레드 인세인
2,13386,스트린더
64,13386,스트린더
2,13393,파라블레이즈
64,13393,파라블레이즈
2,13395,어나더레드 치고마
64,13395,어나더레드 치고마
2,13398,우라노스
64,13398,우라노스
2,13399,포켓몬 우라노스
64,13399,포켓몬 우라노스
2,13401,어나더레드 우라노스
64,13401,어나더레드 우라노스
2,13411,크롬 데이터 포렌식
64,13411,크롬 데이터 포렌식
2,13452,SAFARI
64,13452,SAFARI
2,13454,safari
64,13454,safari
2,13455,safari 윈도우
64,13455,safari 윈도우
2,13458,컨티니윰
64,13458,컨티니윰
2,13459,컨티니움
64,13459,컨티니움
2,13460,Continuum
64,13460,Continuum
2,13461,Continuum 화학
64,13461,Continuum 화학
2,13464,송하영
64,13464,송하영
2,13465,송하영
64,13465,송하영
2,13467,디지털 포렌식
64,13467,디지털 포렌식
2,13468,크롬 비밀번호 포렌식
64,13468,크롬 비밀번호 포렌식
2,13469,크롬 비밀번호 포렌식
64,13469,크롬 비밀번호 포렌식
2,13470,크롬 비밀번호 포렌식
64,13470,크롬 비밀번호 포렌식
2,13471,크롬 비밀번호 포렌식
64,13471,크롬 비밀번호 포렌식
2,13472,크롬 데이터 포렌식
64,13472,크롬 데이터 포렌식
2,13478,크롬 비밀번호 포렌식
64,13478,크롬 비밀번호 포렌식
58,13480,브라우저 포렌식
2,13495,달무니라
64,13495,달무니라
2,13496,바닥트리오
64,13496,바닥트리오
2,13501,어나더레드 무쇠
64,13501,어나더레드 무쇠
2,13503,어나더레드 스토리 공략
64,13503,어나더레드 스토리 공략
2,13517,꼭두배기
64,13517,꼭두배기
2,13518,포켓몬 꼭두배기
64,13518,포켓몬 꼭두배기
2,13519,찍찍배기
64,13519,찍찍배기
2,13536,어나더레드 6v
64,13536,어나더레드 6v
2,13539,어나더레드 금색병뚜껑
64,13539,어나더레드 금색병뚜껑
2,13557,어나더레드 원시 그란돈
64,13557,어나더레드 원시 그란돈
2,13561,자시안
64,13561,자시안
2,13562,어나더레드 해안동굴
64,13562,어나더레드 해안동굴
2,13565,자마젠타
64,13565,자마젠타
2,13576,크롬 데이터 포렌식
64,13576,크롬 데이터 포렌식
2,13577,크롬 캐시 포렌식
64,13577,크롬 캐시 포렌식
2,13578,크롬 캐시 포렌식
64,13578,크롬 캐시 포렌식
2,13583,어나레 PWT 개방조건
64,13583,어나레 PWT 개방조건
2,13588,어나레 PWT 개방조건
64,13588,어나레 PWT 개방조건
2,13589,어나더레드 PWT 
64,13589,어나더레드 PWT 
2,13592,어나더 레드 pwt 가는 법
64,13592,어나더 레드 pwt 가는 법
2,13593,FIREFOX 윈도우
64,13593,FIREFOX 윈도우
2,13605,어나더레드 PWT
64,13605,어나더레드 PWT
2,13608,어나더 레드 pwt 가는 법
64,13608,어나더 레드 pwt 가는 법
